category,title,classification_source,is_dir,file_count,source_path
方書,三因極一病證方論,book_metadata,True,21,/mnt/data/book_extract_all/三因極一病證方論
方書,世醫得效方,book_metadata,True,26,/mnt/data/book_extract_all/世醫得效方
方書,中醫方劑名稱由來,book_metadata,True,1,/mnt/data/book_extract_all/中醫方劑名稱由來
方書,串雅內外編,book_metadata,True,1,/mnt/data/book_extract_all/串雅內外編
方書,五十二病方,book_metadata,True,1,/mnt/data/book_extract_all/五十二病方
方書,仁術便覽,book_metadata,True,10,/mnt/data/book_extract_all/仁術便覽
方書,仁齋直指方論,book_metadata,True,29,/mnt/data/book_extract_all/仁齋直指方論
方書,備急千金要方,book_metadata,True,34,/mnt/data/book_extract_all/備急千金要方
方書,備急千金要方_1,book_metadata,True,38,/mnt/data/book_extract_all/備急千金要方_1
方書,全生指迷方,book_metadata,True,1,/mnt/data/book_extract_all/全生指迷方
方書,十劑表,book_metadata,True,1,/mnt/data/book_extract_all/十劑表
方書,千金寶要,book_metadata,True,1,/mnt/data/book_extract_all/千金寶要
方書,千金翼方,book_metadata,True,34,/mnt/data/book_extract_all/千金翼方
方書,千金翼方_1,book_metadata,True,32,/mnt/data/book_extract_all/千金翼方_1
方書,博濟方,book_metadata,True,1,/mnt/data/book_extract_all/博濟方
方書,古今名醫方論,book_metadata,True,1,/mnt/data/book_extract_all/古今名醫方論
方書,古代房中秘方,book_metadata,True,1,/mnt/data/book_extract_all/古代房中秘方
方書,古方匯精,book_metadata,True,1,/mnt/data/book_extract_all/古方匯精
方書,史載之方,book_metadata,True,1,/mnt/data/book_extract_all/史載之方
方書,名醫別錄,book_metadata,True,1,/mnt/data/book_extract_all/名醫別錄
方書,嚴氏濟生方,book_metadata,True,1,/mnt/data/book_extract_all/嚴氏濟生方
方書,回生集,book_metadata,True,1,/mnt/data/book_extract_all/回生集
方書,增訂十藥神書,book_metadata,True,1,/mnt/data/book_extract_all/增訂十藥神書
方書,增訂醫方歌訣,book_metadata,True,1,/mnt/data/book_extract_all/增訂醫方歌訣
方書,外治壽世方,book_metadata,True,1,/mnt/data/book_extract_all/外治壽世方
方書,外臺秘要,book_metadata,True,48,/mnt/data/book_extract_all/外臺秘要
方書,外臺秘要_1,book_metadata,True,54,/mnt/data/book_extract_all/外臺秘要_1
方書,大小諸證方論,book_metadata,True,1,/mnt/data/book_extract_all/大小諸證方論
方書,太平惠民和劑局方,book_metadata,True,14,/mnt/data/book_extract_all/太平惠民和劑局方
方書,太平惠民和劑局方_1,book_metadata,True,12,/mnt/data/book_extract_all/太平惠民和劑局方_1
方書,太平聖惠方,book_metadata,True,103,/mnt/data/book_extract_all/太平聖惠方
方書,太醫院秘藏膏丹丸散方劑,book_metadata,True,1,/mnt/data/book_extract_all/太醫院秘藏膏丹丸散方劑
方書,奇效簡便良方,book_metadata,True,1,/mnt/data/book_extract_all/奇效簡便良方
方書,奇效良方,book_metadata,True,71,/mnt/data/book_extract_all/奇效良方
方書,奇方類編,book_metadata,True,1,/mnt/data/book_extract_all/奇方類編
方書,孫真人海上方,book_metadata,True,1,/mnt/data/book_extract_all/孫真人海上方
方書,小品方,book_metadata,True,1,/mnt/data/book_extract_all/小品方
方書,局方發揮,book_metadata,True,1,/mnt/data/book_extract_all/局方發揮
方書,御藥院方,book_metadata,True,14,/mnt/data/book_extract_all/御藥院方
方書,急救便方,book_metadata,True,1,/mnt/data/book_extract_all/急救便方
方書,急救良方,book_metadata,True,1,/mnt/data/book_extract_all/急救良方
方書,惠直堂經驗方,book_metadata,True,1,/mnt/data/book_extract_all/惠直堂經驗方
方書,成方切用,book_metadata,True,29,/mnt/data/book_extract_all/成方切用
方書,文堂集驗方,book_metadata,True,7,/mnt/data/book_extract_all/文堂集驗方
方書,方症會要,book_metadata,True,1,/mnt/data/book_extract_all/方症會要
方書,是齋百一選方,book_metadata,True,29,/mnt/data/book_extract_all/是齋百一選方
方書,時方妙用,book_metadata,True,1,/mnt/data/book_extract_all/時方妙用
方書,時方歌括,book_metadata,True,1,/mnt/data/book_extract_all/時方歌括
方書,普濟方,book_metadata,True,377,/mnt/data/book_extract_all/普濟方
方書,普濟本事方,book_metadata,True,1,/mnt/data/book_extract_all/普濟本事方
方書,本草簡要方,book_metadata,True,12,/mnt/data/book_extract_all/本草簡要方
方書,楊氏家藏方,book_metadata,True,23,/mnt/data/book_extract_all/楊氏家藏方
方書,洪氏集驗方,book_metadata,True,1,/mnt/data/book_extract_all/洪氏集驗方
方書,湯頭歌訣,book_metadata,True,1,/mnt/data/book_extract_all/湯頭歌訣
方書,濟世神驗良方,book_metadata,True,1,/mnt/data/book_extract_all/濟世神驗良方
方書,瑞竹堂經驗方,book_metadata,True,1,/mnt/data/book_extract_all/瑞竹堂經驗方
方書,祖劑,book_metadata,True,1,/mnt/data/book_extract_all/祖劑
方書,神仙濟世良方,book_metadata,True,1,/mnt/data/book_extract_all/神仙濟世良方
方書,種福堂公選良方,book_metadata,True,1,/mnt/data/book_extract_all/種福堂公選良方
方書,絳囊撮要,book_metadata,True,1,/mnt/data/book_extract_all/絳囊撮要
方書,絳雪園古方選注,book_metadata,True,1,/mnt/data/book_extract_all/絳雪園古方選注
方書,經驗丹方匯編,book_metadata,True,1,/mnt/data/book_extract_all/經驗丹方匯編
方書,經驗奇方,book_metadata,True,1,/mnt/data/book_extract_all/經驗奇方
方書,聖濟總錄,book_metadata,True,154,/mnt/data/book_extract_all/聖濟總錄
方書,肘後備急方,book_metadata,True,14,/mnt/data/book_extract_all/肘後備急方
方書,華佗神方,book_metadata,True,27,/mnt/data/book_extract_all/華佗神方
方書,藥性切用,book_metadata,True,1,/mnt/data/book_extract_all/藥性切用
方書,藥症忌宜,book_metadata,True,1,/mnt/data/book_extract_all/藥症忌宜
方書,蘇沈良方,book_metadata,True,1,/mnt/data/book_extract_all/蘇沈良方
方書,衛生易簡方,book_metadata,True,17,/mnt/data/book_extract_all/衛生易簡方
方書,退思集類方歌注,book_metadata,True,1,/mnt/data/book_extract_all/退思集類方歌注
方書,醫心方,fallback_title_rule_no_index,True,0,/mnt/data/book_extract_all/醫心方
方書,醫方歌括,fallback_title_rule_no_index,True,0,/mnt/data/book_extract_all/醫方歌括
方書,醫方簡義,fallback_title_rule_no_index,True,0,/mnt/data/book_extract_all/醫方簡義
方書,醫方考,fallback_title_rule_no_index,True,0,/mnt/data/book_extract_all/醫方考
方書,醫方論,fallback_title_rule_no_index,True,0,/mnt/data/book_extract_all/醫方論
方書,醫方證治匯編歌訣,fallback_title_rule_no_index,True,0,/mnt/data/book_extract_all/醫方證治匯編歌訣
方書,醫方集宜,fallback_title_rule_no_index,True,0,/mnt/data/book_extract_all/醫方集宜
方書,醫方集解,fallback_title_rule_no_index,True,0,/mnt/data/book_extract_all/醫方集解
方書,醫方集解_條列版,fallback_title_rule_no_index,True,0,/mnt/data/book_extract_all/醫方集解_條列版
方書,錢氏秘傳產科方書名試驗錄,fallback_title_rule_no_index,True,0,/mnt/data/book_extract_all/錢氏秘傳產科方書名試驗錄
方書,長沙方歌括,fallback_title_rule_no_index,True,0,/mnt/data/book_extract_all/長沙方歌括
方書,集驗方,fallback_title_rule_no_index,True,0,/mnt/data/book_extract_all/集驗方
方書,雞峰普濟方,fallback_title_rule_no_index,True,0,/mnt/data/book_extract_all/雞峰普濟方
方書,類證普濟本事方續集,fallback_title_rule_no_index,True,0,/mnt/data/book_extract_all/類證普濟本事方續集
方書,食療方,fallback_title_rule_no_index,True,0,/mnt/data/book_extract_all/食療方
方書,驗方新編,fallback_title_rule_no_index,True,0,/mnt/data/book_extract_all/驗方新編
方書,魯府禁方,fallback_title_rule_no_index,True,0,/mnt/data/book_extract_all/魯府禁方
